{
    "var": "Qd",
    "type": "linear",
    "fun": {
        "0": "weibull_max"
    },
    "non_stat_analysis": true,
    "basis_function": {
        "method": "sinusoidal",
        "no_terms": 10,
        "periods": [
            1.0,
            0.5,
            0.3333333333333333,
            0.25,
            0.2,
            0.16666666666666666,
            0.14285714285714285,
            0.125,
            0.1111111111111111,
            0.1
        ],
        "order": 10
    },
    "transform": {
        "make": true,
        "plot": false,
        "method": "box-cox",
        "lambda": 0.11371964714979925,
        "min": -6.302895986994578
    },
    "file_name": "./src/environmentaltools/data/temporal/marginal_fit/Qd_weibull_max_nonst_1_sinusoidal_10_SLSQP.json",
    "verbose": false,
    "no_param": {
        "0": 3
    },
    "scipy": {
        "0": true
    },
    "reduction": false,
    "no_tot_param": 3,
    "constraints": false,
    "detrend": {
        "make": false
    },
    "no_fun": 1,
    "basis_period": [
        1
    ],
    "initial_parameters": {
        "make": false
    },
    "optimization": {
        "method": "SLSQP",
        "eps": 0.001,
        "maxiter": 100.0,
        "ftol": 0.001,
        "giter": 10,
        "bounds": 0.5
    },
    "piecewise": false,
    "ws_ps": [],
    "guess": false,
    "bic": false,
    "fix_percentiles": false,
    "scale-shift": false,
    "scale": 1,
    "shift": 0,
    "weighted": {
        "make": false
    },
    "range": 20.32459079742315,
    "minimax": [
        0.009999999999999787,
        25.418238496778933
    ],
    "par": [
        6.08008612136735,
        0.4657441815117517,
        -2.1144201126324784,
        2.066242002429074,
        2.557254360830214,
        -0.12565272027279703,
        0.4614340403222759,
        -0.7907886747812695,
        -0.056295708597770076,
        -0.5963003638102771,
        0.001160960198141034,
        23.274604645234607,
        3.5978308796937073,
        -1.0360419396599123,
        1.5092911045816735,
        1.3151575471131454,
        -0.32013674886726246,
        1.595672317611085,
        -0.5882625574404658,
        -0.15811996873469397,
        -0.18941998481341746,
        -0.3473841852836025,
        11.155044965370777,
        -3.9896749416254393,
        -4.499993710344716,
        3.1860820349399033,
        1.7469280571028194,
        -0.0993869843259385,
        2.5000083850814416,
        -0.0738387474430962,
        -0.28403617867643793,
        -0.09836757956725534,
        -0.49999303072212886
    ],
    "mode": [
        10
    ],
    "all": [
        [
            "(2,)",
            44376.57488525187,
            [
                2.3868114574453054,
                -0.9999993668314956,
                -0.49999395247498923,
                21.25752414004157,
                0.6122277410049165,
                0.4445729549731688,
                13.683260662545802,
                -0.99999936681491,
                -0.49999395236204
            ]
        ],
        [
            "(3,)",
            42447.25229879278,
            [
                2.8868110951707484,
                -1.2553704634189409,
                -0.36209907929301904,
                0.3000671425200112,
                21.757523873602707,
                0.8618654507732518,
                0.9445727686848462,
                -0.49999560066464754,
                13.566916253935007,
                -1.4999991255682796,
                -0.9999937247076105,
                0.5000040232118996
            ]
        ],
        [
            "(4,)",
            40570.004240575414,
            [
                3.3868110841087082,
                -1.2043089837158705,
                -0.31600610967868725,
                0.37227399281695045,
                0.5000042765291971,
                22.25752386654938,
                1.3618654489422601,
                1.4076470022541347,
                -0.9999955912275579,
                0.33477242163565496,
                13.196571514068838,
                -1.999999108015387,
                -1.4999937119804205,
                1.0000040134954937,
                0.23450460875178183
            ]
        ],
        [
            "(5,)",
            39389.418963855984,
            [
                3.8868110841087082,
                -1.1086781369757164,
                -0.5448626542574359,
                0.7463355657999646,
                1.000004276529197,
                -0.49999902285071185,
                22.58793012578103,
                1.8618654489422601,
                0.9484617971418323,
                -0.9907088940157314,
                -0.16341316725252752,
                -0.07636425858721019,
                12.884710875252251,
                -2.4999991080153867,
                -1.9999937119804205,
                1.5000040133114383,
                -0.0895172663613205,
                0.5000009771492882
            ]
        ],
        [
            "(6,)",
            38655.12456371774,
            [
                4.38681108351391,
                -0.9236798608117858,
                -1.0448626536992183,
                1.2463355651690984,
                1.5000042761163161,
                -0.3668075454469172,
                -0.35384321634144705,
                22.71838117524786,
                2.361865448205135,
                0.5164221253110161,
                -0.4907088945443723,
                0.17965855816803672,
                0.2551360709564894,
                -0.15742614794634543,
                12.38471087600465,
                -2.999999107427247,
                -2.499993711407491,
                1.9385855597045478,
                0.41048273286985254,
                1.0000009767863032,
                0.5000083864196722
            ]
        ],
        [
            "(7,)",
            37713.832060597226,
            [
                4.886811082194455,
                -0.7245936831097348,
                -1.544862653100084,
                1.332960338947411,
                2.0000042754109653,
                0.03331798603624865,
                -0.27609281501387667,
                -0.49999433956959227,
                22.974115095103624,
                2.861865447222435,
                0.2656410003838249,
                0.009291104767891883,
                0.48744369945953037,
                0.7551360699422669,
                0.28769861003645036,
                -0.2855581989832287,
                11.884710877355877,
                -3.499999106615343,
                -2.999993710584741,
                2.006541498094257,
                0.9104827322217256,
                1.4006130154857481,
                1.0000083852540438,
                0.5000056591467889
            ]
        ],
        [
            "(8,)",
            37425.519057751175,
            [
                5.386811082099389,
                -0.2406188904830508,
                -1.839512037736444,
                1.6539980087648234,
                2.4492560324863835,
                0.15568910231278218,
                -0.1845510408367109,
                -0.593894073777966,
                -0.1102286663407787,
                23.041829525869073,
                3.3618654471395657,
                -0.22961926402151703,
                0.509291104627065,
                0.9775031288861262,
                0.42549052173787205,
                0.7876986098982843,
                0.21444180090702777,
                -0.4411532508375619,
                11.38471087748312,
                -3.756193013230066,
                -3.4999937104402705,
                2.2942881704915967,
                1.4104827320781939,
                0.9006130156222096,
                1.500008385136673,
                0.9115947748202796,
                -0.4999919759511491
            ]
        ],
        [
            "(9,)",
            37132.175723971486,
            [
